{"cameraMode":{"drawMode":0,"name":"Shaded","section":"Shading Mode"},"sceneLighting":true,"audioPlay":false,"sceneViewState":{"m_AlwaysRefresh":false,"showFog":true,"showSkybox":true,"showFlares":true,"showImageEffects":true,"showParticleSystems":true,"showVisualEffectGraphs":true,"m_FxEnabled":true},"in2DMode":false,"pivot":{"x":16.843427658081056,"y":-4.054994106292725,"z":1.1935088634490967},"rotation":{"x":0.12928622961044312,"y":0.8666756749153137,"z":-0.2928072214126587,"w":0.38267800211906435},"size":7.174399375915527,"orthographic":false}