{"cameraMode":{"drawMode":0,"name":"Shaded","section":"Shading Mode"},"sceneLighting":true,"audioPlay":false,"sceneViewState":{"m_AlwaysRefresh":false,"showFog":true,"showSkybox":true,"showFlares":true,"showImageEffects":true,"showParticleSystems":true,"showVisualEffectGraphs":true,"m_FxEnabled":true},"in2DMode":false,"pivot":{"x":-30.652706146240236,"y":6.397865295410156,"z":-16.661861419677736},"rotation":{"x":-0.19154419004917146,"y":0.7026703953742981,"z":-0.20587563514709474,"w":-0.6537848711013794},"size":0.2324412614107132,"orthographic":false}